{
  "metadata": {
    "timestamp": "20250713_213347",
    "total_rounds": 60,
    "simulation_duration": 36.13459300994873,
    "protocol": "ARPMEC",
    "nodes": 25,
    "mec_servers": 3,
    "iar_servers": 5
  },
  "performance_data": {
    "rounds": [
      1,
      2,
      3,
      4,
      5,
      6,
      7,
      8,
      9,
      10,
      11,
      12,
      13,
      14,
      15,
      16,
      17,
      18,
      19,
      20,
      21,
      22,
      23,
      24,
      25,
      26,
      27,
      28,
      29,
      30,
      31,
      32,
      33,
      34,
      35,
      36,
      37,
      38,
      39,
      40,
      41,
      42,
      43,
      44,
      45,
      46,
      47,
      48,
      49,
      50,
      51,
      52,
      53,
      54,
      55,
      56,
      57,
      58,
      59,
      60
    ],
    "timestamps": [
      0.0008189678192138672,
      0.0016088485717773438,
      0.0023193359375,
      0.0033223628997802734,
      0.004216194152832031,
      0.00495457649230957,
      0.00568842887878418,
      0.006013631820678711,
      0.006665229797363281,
      0.5988774299621582,
      0.5992691516876221,
      0.5996978282928467,
      0.6000733375549316,
      0.6004958152770996,
      0.6009743213653564,
      0.60127854347229,
      0.6017100811004639,
      0.6020302772521973,
      0.6025068759918213,
      0.8965225219726562,
      0.8971281051635742,
      0.8976783752441406,
      0.8981091976165771,
      0.898658275604248,
      0.8990039825439453,
      0.8995990753173828,
      0.8999984264373779,
      0.9005334377288818,
      0.9010875225067139,
      1.2071235179901123,
      1.2076547145843506,
      1.2081971168518066,
      1.2086262702941895,
      1.2090106010437012,
      1.2093448638916016,
      1.209656000137329,
      1.2099902629852295,
      1.2105028629302979,
      1.210982322692871,
      1.4081854820251465,
      1.4086494445800781,
      1.4090347290039062,
      1.4094069004058838,
      1.4098014831542969,
      1.4102725982666016,
      1.4108953475952148,
      1.4112796783447266,
      1.4118406772613525,
      1.4122302532196045,
      1.5013840198516846,
      1.5020887851715088,
      1.502859115600586,
      1.503570556640625,
      1.5039739608764648,
      1.5044026374816895,
      1.5047152042388916,
      1.5050559043884277,
      1.5053932666778564,
      1.506080150604248,
      1.6342260837554932
    ],
    "latency_ms": [
      0.00858306884765625,
      0.008821487426757812,
      0.008106231689453125,
      0.00858306884765625,
      0.010728836059570312,
      0.0045299530029296875,
      0.005245208740234375,
      0.00476837158203125,
      0.0073909759521484375,
      0.0040531158447265625,
      0.0045299530029296875,
      0.0045299530029296875,
      0.0050067901611328125,
      0.0045299530029296875,
      0.004291534423828125,
      0.004291534423828125,
      0.0040531158447265625,
      0.003814697265625,
      0.0045299530029296875,
      0.006198883056640625,
      0.0057220458984375,
      0.0054836273193359375,
      0.0050067901611328125,
      0.005245208740234375,
      0.008106231689453125,
      0.0059604644775390625,
      0.0045299530029296875,
      0.0045299530029296875,
      0.009059906005859375,
      0.0054836273193359375,
      0.005245208740234375,
      0.005245208740234375,
      0.0045299530029296875,
      0.00476837158203125,
      0.00476837158203125,
      0.004291534423828125,
      0.006198883056640625,
      0.0073909759521484375,
      0.006198883056640625,
      0.0059604644775390625,
      0.0059604644775390625,
      0.0050067901611328125,
      0.0057220458984375,
      0.0057220458984375,
      0.0064373016357421875,
      0.0059604644775390625,
      0.005245208740234375,
      0.0057220458984375,
      0.0064373016357421875,
      0.0057220458984375,
      0.0057220458984375,
      0.009059906005859375,
      0.0069141387939453125,
      0.006198883056640625,
      0.006198883056640625,
      0.0054836273193359375,
      0.0057220458984375,
      0.005245208740234375,
      0.008106231689453125,
      0.0073909759521484375
    ],
    "energy_consumption": [
      82.66827684611961,
      118.66165378656865,
      158.06385635204052,
      195.49700120641847,
      231.07100690710735,
      268.53949591086706,
      306.1011905897976,
      344.00340324828585,
      380.2701242248722,
      421.9600894543903,
      459.7812789002564,
      496.23459509222414,
      533.0563701357485,
      570.1389261427641,
      607.214027742986,
      645.5710216436912,
      684.9575927076112,
      722.089693379862,
      756.456821878764,
      795.1920768973946,
      832.2048822069983,
      869.6894785573202,
      905.5256825877382,
      942.9981729167861,
      978.7793727308261,
      1015.8589271045237,
      1052.18266416324,
      1090.2470330584326,
      1126.7906201690969,
      1163.6937638588117,
      1202.5006590754026,
      1242.2287757385393,
      1284.7719175733357,
      1323.130575683944,
      1362.8144081298792,
      1401.2554451744525,
      1338.8338716938028,
      1374.8402220282208,
      1209.104943500527,
      1241.1609237834698,
      1278.4210996941372,
      1316.673697655298,
      1353.781847499925,
      1390.4399041695153,
      1326.7220559488605,
      1157.3375938866045,
      1186.0747522919637,
      1212.9382795303063,
      1143.4664668169905,
      1174.2384402597431,
      1204.4472383639397,
      1235.3269286079324,
      1264.6141014627804,
      1297.034911196313,
      1328.4704957122829,
      1259.1217378828094,
      1186.4292387118116,
      1212.3079899253491,
      1239.1510426551997,
      1266.0769899563154
    ],
    "packet_delivery_ratio": [
      83.33333333333334,
      71.42857142857143,
      90.47619047619048,
      78.57142857142857,
      78.94736842105263,
      93.02325581395348,
      87.03703703703704,
      96.61016949152543,
      94.02985074626866,
      100.0,
      98.7012987012987,
      95.29411764705881,
      97.8021978021978,
      97.9381443298969,
      98.11320754716981,
      98.21428571428571,
      95.83333333333334,
      97.63779527559055,
      96.26865671641791,
      95.1048951048951,
      97.33333333333334,
      98.72611464968153,
      98.125,
      97.05882352941177,
      99.42528735632183,
      97.26775956284153,
      99.46808510638297,
      97.95918367346938,
      96.56862745098039,
      96.6824644549763,
      96.78899082568807,
      98.21428571428571,
      97.84482758620689,
      97.48953974895397,
      98.78048780487805,
      98.41897233201581,
      98.46153846153847,
      99.24812030075188,
      98.54014598540147,
      99.28825622775801,
      99.30555555555556,
      99.66101694915255,
      99.33774834437085,
      99.0228013029316,
      99.35897435897436,
      98.74213836477988,
      99.07120743034056,
      98.48484848484848,
      99.40119760479041,
      99.70501474926253,
      99.4186046511628,
      99.43181818181817,
      99.43820224719101,
      99.44444444444444,
      99.1825613079019,
      99.46236559139786,
      98.40848806366049,
      99.47780678851174,
      100.0,
      99.23664122137404
    ],